Workbook

Sheet Läs mig
B2: Semesterplan – övningsfil för Prompt-Jeopardy
B4: Fiktiva uppgifter – inga personuppgifter eller riktiga verksamhetsdata
B6: Så använder ni filen | C6: Spara en kopia i OneDrive eller SharePoint och öppna den i Excel. Använd Copilot i Excel för att undersöka arbetsboken. Ändra inget innan ni har granskat förslaget manuellt.
B9: Övning 1: Formeldetektiven | C9: Leta efter formler som avviker från mönstret, felvärden och hårdkodade tal där det borde finnas en formel. Välj två misstänkta celler och förklara hur ni kontrollerade dem.
B12: Övning 2: Bemanningsanalys | C12: Hitta de tre arbetsdagar som har lägst bemanning, markera dagar under minimibemanningen och skapa en enkel visualisering. Beskriv också minst en sak som underlaget inte tar hänsyn till.
B15: Statuskoder | C15: På plats = 1 person • Halvdag = 0,5 person • Semester, Sjuk och Utbildning = 0 personer på plats.
B18: Viktigt | C18: Det finns avsiktliga avvikelser i arbetsboken. De är en del av övningen. Be Copilot förklara sina fynd och kontrollera alltid celler, formler och källdata själv.
B21: Minimibemanning | C21: 10 personer på plats per arbetsdag

Sheet Semesterplan
A1: SEMESTERPLAN – FIKTIVT ÖVNINGSMATERIAL
A2: Status per arbetsdag. På plats = 1, Halvdag = 0,5. Övriga statusar räknas inte som bemanning.
A4: Namn | B4: Team | C4: Roll | D4: Tjänstgöring | E4: 2026-06-29 | F4: 2026-06-30 | G4: 2026-07-01 | H4: 2026-07-02 | I4: 2026-07-03 | J4: 2026-07-06 | K4: 2026-07-07 | L4: 2026-07-08 | M4: 2026-07-09 | N4: 2026-07-10 | O4: 2026-07-13 | P4: 2026-07-14 | Q4: 2026-07-15 | R4: 2026-07-16 | S4: 2026-07-17 | T4: 2026-07-20 | U4: 2026-07-21 | V4: 2026-07-22 | W4: 2026-07-23 | X4: 2026-07-24 | Y4: 2026-07-27 | Z4: 2026-07-28 | AA4: 2026-07-29 | AB4: 2026-07-30 | AC4: 2026-07-31 | AD4: 2026-08-03 | AE4: 2026-08-04 | AF4: 2026-08-05 | AG4: 2026-08-06 | AH4: 2026-08-07
A5: Alva Berg | B5: Service | C5: Handläggare | D5: 1 | E5: På plats | F5: På plats | G5: På plats | H5: På plats | I5: På plats | J5: På plats | K5: På plats | L5: På plats | M5: På plats | N5: På plats | O5: Semester | P5: Semester | Q5: Semester | R5: Semester | S5: Semester | T5: Semester | U5: Semester | V5: Semester | W5: Semester | X5: Semester | Y5: På plats | Z5: På plats | AA5: På plats | AB5: På plats | AC5: På plats | AD5: På plats | AE5: På plats | AF5: På plats | AG5: På plats | AH5: På plats
A6: Samir Demir | B6: Service | C6: Handläggare | D6: 1 | E6: På plats | F6: På plats | G6: På plats | H6: På plats | I6: På plats | J6: På plats | K6: På plats | L6: På plats | M6: På plats | N6: På plats | O6: Semester | P6: Semester | Q6: Semester | R6: Semester | S6: Semester | T6: Semester | U6: Semester | V6: Semester | W6: Semester | X6: Semester | Y6: På plats | Z6: På plats | AA6: På plats | AB6: På plats | AC6: På plats | AD6: På plats | AE6: På plats | AF6: På plats | AG6: På plats | AH6: På plats
A7: Linnea Falk | B7: Service | C7: Specialist | D7: 1 | E7: På plats | F7: På plats | G7: På plats | H7: På plats | I7: På plats | J7: På plats | K7: På plats | L7: På plats | M7: På plats | N7: På plats | O7: Semester | P7: Semester | Q7: Semester | R7: Semester | S7: Semester | T7: Semester | U7: Semester | V7: Semester | W7: Semester | X7: Semester | Y7: På plats | Z7: På plats | AA7: På plats | AB7: På plats | AC7: På plats | AD7: På plats | AE7: På plats | AF7: På plats | AG7: På plats | AH7: På plats
A8: Amir Gashi | B8: Service | C8: Handläggare | D8: 1 | E8: På plats | F8: På plats | G8: På plats | H8: På plats | I8: På plats | J8: På plats | K8: På plats | L8: På plats | M8: På plats | N8: På plats | O8: På plats | P8: På plats | Q8: På plats | R8: På plats | S8: På plats | T8: Semester | U8: Semester | V8: Semester | W8: Semester | X8: Semester | Y8: Semester | Z8: Semester | AA8: Semester | AB8: Semester | AC8: Semester | AD8: På plats | AE8: På plats | AF8: På plats | AG8: På plats | AH8: På plats
A9: Elena Holm | B9: Service | C9: Teamledare | D9: 1 | E9: På plats | F9: På plats | G9: På plats | H9: På plats | I9: På plats | J9: På plats | K9: På plats | L9: På plats | M9: På plats | N9: På plats | O9: På plats | P9: På plats | Q9: På plats | R9: På plats | S9: På plats | T9: Semester | U9: Semester | V9: Semester | W9: Semester | X9: Semester | Y9: Semester | Z9: Semester | AA9: Semester | AB9: Semester | AC9: Semester | AD9: På plats | AE9: På plats | AF9: På plats | AG9: På plats | AH9: På plats
A10: Johan Isaksson | B10: Analys | C10: Analytiker | D10: 1 | E10: På plats | F10: På plats | G10: På plats | H10: På plats | I10: På plats | J10: På plats | K10: På plats | L10: På plats | M10: På plats | N10: På plats | O10: På plats | P10: På plats | Q10: På plats | R10: På plats | S10: På plats | T10: Semester | U10: Semester | V10: Semester | W10: Semester | X10: Semester | Y10: Semester | Z10: Semester | AA10: Semester | AB10: Semester | AC10: Semester | AD10: På plats | AE10: På plats | AF10: På plats | AG10: På plats | AH10: På plats
A11: Miriam Jallow | B11: Analys | C11: Analytiker | D11: 1 | E11: På plats | F11: På plats | G11: På plats | H11: På plats | I11: På plats | J11: På plats | K11: På plats | L11: På plats | M11: På plats | N11: På plats | O11: På plats | P11: På plats | Q11: På plats | R11: På plats | S11: På plats | T11: Semester | U11: Semester | V11: Semester | W11: Semester | X11: Semester | Y11: Semester | Z11: Semester | AA11: Semester | AB11: Semester | AC11: Semester | AD11: På plats | AE11: På plats | AF11: På plats | AG11: På plats | AH11: På plats
A12: Leo Karlsson | B12: Analys | C12: Specialist | D12: 1 | E12: På plats | F12: På plats | G12: På plats | H12: På plats | I12: På plats | J12: På plats | K12: På plats | L12: På plats | M12: På plats | N12: På plats | O12: På plats | P12: På plats | Q12: På plats | R12: På plats | S12: På plats | T12: Semester | U12: Semester | V12: Semester | W12: Semester | X12: Semester | Y12: På plats | Z12: På plats | AA12: På plats | AB12: På plats | AC12: På plats | AD12: På plats | AE12: På plats | AF12: På plats | AG12: På plats | AH12: På plats
A13: Amina Lind | B13: Analys | C13: Analytiker | D13: 1 | E13: På plats | F13: På plats | G13: På plats | H13: På plats | I13: På plats | J13: På plats | K13: På plats | L13: På plats | M13: På plats | N13: På plats | O13: På plats | P13: På plats | Q13: På plats | R13: På plats | S13: På plats | T13: Semester | U13: Semester | V13: Semester | W13: Semester | X13: Semester | Y13: På plats | Z13: På plats | AA13: På plats | AB13: På plats | AC13: På plats | AD13: På plats | AE13: På plats | AF13: På plats | AG13: På plats | AH13: På plats
A14: Sofia Moberg | B14: Analys | C14: Teamledare | D14: 1 | E14: På plats | F14: På plats | G14: På plats | H14: På plats | I14: På plats | J14: På plats | K14: På plats | L14: På plats | M14: På plats | N14: På plats | O14: På plats | P14: På plats | Q14: På plats | R14: På plats | S14: På plats | T14: På plats | U14: Utbildning | V14: Semester | W14: Semester | X14: Semester | Y14: På plats | Z14: På plats | AA14: På plats | AB14: På plats | AC14: På plats | AD14: På plats | AE14: På plats | AF14: På plats | AG14: På plats | AH14: På plats
A15: Viktor Norén | B15: Digitalt | C15: Utvecklare | D15: 1 | E15: På plats | F15: På plats | G15: På plats | H15: På plats | I15: På plats | J15: På plats | K15: På plats | L15: På plats | M15: På plats | N15: På plats | O15: På plats | P15: På plats | Q15: På plats | R15: På plats | S15: På plats | T15: På plats | U15: Halvdag | V15: Semester | W15: Semester | X15: Semester | Y15: På plats | Z15: På plats | AA15: På plats | AB15: På plats | AC15: På plats | AD15: På plats | AE15: På plats | AF15: På plats | AG15: På plats | AH15: På plats
A16: Nora Osman | B16: Digitalt | C16: Utvecklare | D16: 1 | E16: På plats | F16: På plats | G16: På plats | H16: På plats | I16: På plats | J16: På plats | K16: På plats | L16: På plats | M16: På plats | N16: På plats | O16: På plats | P16: På plats | Q16: På plats | R16: På plats | S16: På plats | T16: På plats | U16: På plats | V16: Semester | W16: Semester | X16: Semester | Y16: På plats | Z16: På plats | AA16: På plats | AB16: På plats | AC16: På plats | AD16: På plats | AE16: På plats | AF16: På plats | AG16: På plats | AH16: På plats
... A24: Hanna Öberg | B24: Stöd | C24: Teamledare | D24: 1 | E24: På plats | F24: På plats | G24: På plats | H24: På plats | I24: På plats | J24: På plats | K24: På plats | L24: På plats | M24: På plats | N24: På plats | O24: På plats | P24: På plats | Q24: På plats | R24: På plats | S24: På plats | T24: Sjuk | U24: På plats | V24: Sjuk | W24: På plats | X24: På plats | Y24: På plats | Z24: På plats | AA24: På plats | AB24: På plats | AC24: På plats | AD24: Semester | AE24: Semester | AF24: Semester | AG24: Semester | AH24: Semester

Sheet Bemanningsöversikt
A1: BEMANNINGSÖVERSIKT
A2: Minimibemanning: 10 personer. Formlerna hämtar status från bladet Semesterplan.
A4: Datum | B4: Veckodag | C4: På plats | D4: Minimikrav | E4: Differens | F4: Bedömning
A5: 46202 | B5: måndag | C5: =COUNTIF('Semesterplan'!E$5:E$24,"På plats")+0.5*COUNTIF('Semesterplan'!E$5:E$24,"Halvdag") | D5: 10 | E5: =C5-D5 | F5: =IF(E5<0,"UNDER MINIMUM","OK")
A6: 46203 | B6: tisdag | C6: =COUNTIF('Semesterplan'!F$5:F$24,"På plats")+0.5*COUNTIF('Semesterplan'!F$5:F$24,"Halvdag") | D6: 10 | E6: =C6-D6 | F6: =IF(E6<0,"UNDER MINIMUM","OK")
A7: 46204 | B7: onsdag | C7: =COUNTIF('Semesterplan'!G$5:G$24,"På plats")+0.5*COUNTIF('Semesterplan'!G$5:G$24,"Halvdag") | D7: 10 | E7: =C7-D7 | F7: =IF(E7<0,"UNDER MINIMUM","OK")
A8: 46205 | B8: torsdag | C8: =COUNTIF('Semesterplan'!H$5:H$24,"På plats")+0.5*COUNTIF('Semesterplan'!H$5:H$24,"Halvdag") | D8: 10 | E8: =C8-D8 | F8: =IF(E8<0,"UNDER MINIMUM","OK")
A9: 46206 | B9: fredag | C9: =COUNTIF('Semesterplan'!I$5:I$24,"På plats")+0.5*COUNTIF('Semesterplan'!I$5:I$24,"Halvdag") | D9: 10 | E9: =C9-D9 | F9: =IF(E9<0,"UNDER MINIMUM","OK")
A10: 46209 | B10: måndag | C10: =COUNTIF('Semesterplan'!J$5:J$24,"På plats")+0.5*COUNTIF('Semesterplan'!J$5:J$24,"Halvdag") | D10: 10 | E10: =C10-D10 | F10: =IF(E10<0,"UNDER MINIMUM","OK")
A11: 46210 | B11: tisdag | C11: =COUNTIF('Semesterplan'!K$5:K$23,"På plats")+0.5*COUNTIF('Semesterplan'!K$5:K$23,"Halvdag") | D11: 10 | E11: =C11-D11 | F11: =IF(E11<0,"UNDER MINIMUM","OK")
A12: 46211 | B12: onsdag | C12: =COUNTIF('Semesterplan'!L$5:L$24,"På plats")+0.5*COUNTIF('Semesterplan'!L$5:L$24,"Halvdag") | D12: 10 | E12: =C12-D12 | F12: =IF(E12<0,"UNDER MINIMUM","OK")
A13: 46212 | B13: torsdag | C13: =COUNTIF('Semesterplan'!M$5:M$24,"På plats")+0.5*COUNTIF('Semesterplan'!M$5:M$24,"Halvdag") | D13: 10 | E13: =C13-D13 | F13: =IF(E13<0,"UNDER MINIMUM","OK")
A14: 46213 | B14: fredag | C14: =COUNTIF('Semesterplan'!N$5:N$24,"På plats")+0.5*COUNTIF('Semesterplan'!N$5:N$24,"Halvdag") | D14: 10 | E14: =C14-D14 | F14: =IF(E14<0,"UNDER MINIMUM","OK")
A15: 46216 | B15: måndag | C15: =COUNTIF('Semesterplan'!O$5:O$24,"På plats")+0.5*COUNTIF('Semesterplan'!O$5:O$24,"Halvdag") | D15: 10 | E15: =C15-D15 | F15: =IF(E15<0,"UNDER MINIMUM","OK")
A16: 46217 | B16: tisdag | C16: =COUNTIF('Semesterplan'!P$5:P$24,"På plats")+0.5*COUNTIF('Semesterplan'!P$5:P$24,"Halvdag") | D16: 10 | E16: =C16-D16 | F16: =IF(E16<0,"UNDER MINIMUM","OK")
A17: 46218 | B17: onsdag | C17: =COUNTIF('Semesterplan'!Q$5:Q$24,"På plats")+0.5*COUNTIF('Semesterplan'!Q$5:Q$24,"Halvdag") | D17: 10 | E17: =C17-D17 | F17: =IF(E17<0,"UNDER MINIMUM","OK")
A18: 46219 | B18: torsdag | C18: 16 | D18: 10 | E18: =C18-D18 | F18: =IF(E18<0,"UNDER MINIMUM","OK")
A19: 46220 | B19: fredag | C19: =COUNTIF('Semesterplan'!S$5:S$24,"På plats")+0.5*COUNTIF('Semesterplan'!S$5:S$24,"Halvdag") | D19: 10 | E19: =C19-D19 | F19: =IF(E19<0,"UNDER MINIMUM","OK")
A20: 46223 | B20: måndag | C20: =COUNTIF('Semesterplan'!T$5:T$24,"På plats")+0.5*COUNTIF('Semesterplan'!T$5:T$24,"Halvdag") | D20: 10 | E20: =C20-D20 | F20: =IF(E20<=0,"UNDER MINIMUM","OK")
A21: 46224 | B21: tisdag | C21: =COUNTIF('Semesterplan'!U$5:U$24,"På plats")+0.5*COUNTIF('Semesterplan'!U$5:U$24,"Halvdag") | D21: 10 | E21: =C21-D21 | F21: =IF(E21<0,"UNDER MINIMUM","OK")
A22: 46225 | B22: onsdag | C22: =COUNTIF('Semesterplan'!V$5:V$24,"På plats")+0.5*COUNTIF('Semesterplan'!V$5:V$24,"Halvdag") | D22: 10 | E22: =C22-D22 | F22: =IF(E22<0,"UNDER MINIMUM","OK")
A23: 46226 | B23: torsdag | C23: =COUNTIF('Semesterplan'!W$5:W$24,"På plats")+0.5*COUNTIF('Semesterplan'!W$5:W$24,"Halvdag") | D23: 10 | E23: =C23-D23 | F23: =IF(E23<0,"UNDER MINIMUM","OK")
A24: 46227 | B24: fredag | C24: =COUNTIF('Semesterplan'!X$5:X$24,"På plats")+0.5*COUNTIF('Semesterplan'!X$5:X$24,"Halvdag") | D24: 10 | E24: =C24-D24 | F24: =IF(E24<0,"UNDER MINIMUM","OK")
A25: 46230 | B25: måndag | C25: =COUNTIF('Semesterplan'!Y$5:Y$24,"På plats")+0.5*COUNTIF('Semesterplan'!Y$5:Y$24,"Halvdag") | D25: 10 | E25: =C25-D25 | F25: =IF(E25<0,"UNDER MINIMUM","OK")
A26: 46231 | B26: tisdag | C26: =COUNTIF('Semesterplan'!Z$5:Z$24,"På plats")+0.5*COUNTIF('Semesterplan'!Z$5:Z$24,"Halvdag") | D26: 10 | E26: =C26-D26 | F26: =IF(E26<0,"UNDER MINIMUM","OK")
A27: 46232 | B27: onsdag | C27: =COUNTIF('Semesterplan'!AA$5:AA$24,"På plats")+0.5*COUNTIF('Semesterplan'!AA$5:AA$24,"Halvdag") | D27: 10 | E27: =C27-D27 | F27: =IF(E27<0,"UNDER MINIMUM","OK")
A28: 46233 | B28: torsdag | C28: =COUNTIF('Semesterplan'!AB$5:AB$24,"På plats")+0.5*COUNTIF('Semesterplan'!AB$5:AB$24,"Halvdag") | D28: 10 | E28: =C28-D28 | F28: =IF(E28<0,"UNDER MINIMUM","OK")
A29: 46234 | B29: fredag | C29: =COUNTIF('Semesterplan'!AC$5:AC$24,"På plats")+0.5*COUNTIF('Semesterplan'!AC$5:AC$24,"Halvdag") | D29: 10 | E29: =C29-D29 | F29: =IF(E29<0,"UNDER MINIMUM","OK")
A30: 46237 | B30: måndag | C30: =COUNTIF('Semesterplan'!AD$5:AD$24,"På plats")+0.5*COUNTIF('Semesterplan'!AD$5:AD$24,"Halvdag") | D30: 10 | E30: =C30-D30 | F30: =IF(E30<0,"UNDER MINIMUM","OK")
A31: 46238 | B31: tisdag | C31: =COUNTIF('Semesterplan'!AE$5:AE$24,"På plats")+0.5*COUNTIF('Semesterplan'!AE$5:AE$24,"Halvdag") | D31: 10 | E31: =C31-D31 | F31: =IF(E31<0,"UNDER MINIMUM","OK")
A32: 46239 | B32: onsdag | C32: =COUNTIF('Semesterplan'!AF$5:AF$24,"På plats")+0.5*COUNTIF('Semesterplan'!AF$5:AF$24,"Halvdag") | D32: 10 | E32: =C32-D32 | F32: =IF(E32<0,"UNDER MINIMUM","OK")
A33: 46240 | B33: torsdag | C33: =COUNTIF('Semesterplan'!AG$5:AG$24,"På plats")+0.5*COUNTIF('Semesterplan'!AG$5:AG$24,"Halvdag") | D33: 10 | E33: =C33-D33 | F33: =IF(E33<0,"UNDER MINIMUM","OK")
A34: 46241 | B34: fredag | C34: =COUNTIF('Semesterplan'!AH$5:AH$24,"På plats")+0.5*COUNTIF('Semesterplan'!AH$5:AH$24,"Halvdag") | D34: 10 | E34: =C34-D34 | F34: =IF(E34<0,"UNDER MINIMUM","OK")
